﻿<?xml version="1.0" encoding="utf-8"?>
<object id="{D6FF1808-BFA6-43C5-BB5D-6C531B2D5DEB}" createTime="2021-08-16T11:22:07Z" modifyTime="2021-08-16T11:22:09Z" status="S_AccommDoc_Create" createUser="USER1" objectDef="O" modifyUser="USER1">
  <attributes>
    <attribute name="A_Creation_Date" datatype="date" value="2021-07-19T21:00:00Z" />
    <attribute name="A_Name" datatype="string" value="Сопроводительное письмо №02-01 от  дата" />
    <attribute name="A_Designation" datatype="string" value="02-01" />
    <attribute name="A_Docs_Tbl" datatype="table">
      <rows>
        <row order="1073741824">
          <attribute name="A_Type_Link" datatype="classifier" value="N_Type_Link_Letter" />
          <attribute name="A_Doc_Addition_Ref" datatype="object" value="{B3A356AD-6615-4842-9787-7369103404C0}" />
          <attribute name="A_Note" datatype="string" value="Ревизия пакета 0" />
        </row>
        <row order="1073741824">
          <attribute name="A_Type_Link" datatype="classifier" value="N_Type_Link_Letter" />
          <attribute name="A_Doc_Addition_Ref" datatype="object" value="{E855FDC7-E4B4-412E-8310-591B943260B1}" />
          <attribute name="A_Note" datatype="string" value="Ревизия пакета 0" />
        </row>
      </rows>
    </attribute>
    <attribute name="A_Doc_Language" datatype="classifier" value="N_Doc_Language_En" />
  </attributes>
  <files>
    <file id="Сопроводительное письмо №02-01 от  дата.pdf" name="Сопроводительное письмо №02-01 от  дата.pdf" primary="true" bodyId="74e24f4e-bcac-4c52-81b5-ad8600ecca60" modifiedTime="2021-08-16T10:09:58Z" createdTime="2021-08-16T10:09:58Z" fileDef="FILE_AA_PDF" hash="t8gJ8YK9SP1Uki30WXuDuQ==" size="551526" path="" />
  </files>
</object>