﻿<?xml version="1.0" encoding="utf-8"?>
<object id="{4DDFC139-4341-4A65-A3CA-D0082D4797B8}" createTime="2021-04-15T08:46:24Z" modifyTime="2021-07-15T07:08:10Z" status="S_AccommDoc_Create" createUser="USER1" objectDef="O" modifyUser="USER2">
  <attributes>
    <attribute name="A_Creation_Date" datatype="date" value="2021-04-14T21:00:00Z" />
    <attribute name="A_Name" datatype="string" value="Чек-лист_5 9 3 10" />
    <attribute name="A_Designation" datatype="string" value="Чек-лист_5 9 3 10" />
    <attribute name="A_Docs_Tbl" datatype="table">
      <rows>
        <row order="1073741824">
          <attribute name="A_Type_Link" datatype="classifier" value="N_Type_Link_CheckList" />
          <attribute name="A_Doc_Addition_Ref" datatype="object" value="{B3A356AD-6615-4842-9787-7369103404C0}" />
          <attribute name="A_Note" datatype="string" value="" isNull="true" />
        </row>
      </rows>
    </attribute>
    <attribute name="A_Doc_Language" datatype="classifier" value="N_Doc_Language_Ru_En" />
  </attributes>
  <files>
    <file id="CH_5_9_3_10.pdf" name="CH_5_9_3_10.pdf" primary="true" bodyId="28f9e011-5bac-45f3-96b4-ad6600a6ff6d" modifiedTime="2021-07-15T06:34:14Z" createdTime="2021-07-15T06:34:11Z" fileDef="FILE_AA_PDF" hash="j3+MrpCqtD5bg2seUcWpug==" size="1103423" path="" />
  </files>
</object>