﻿<?xml version="1.0" encoding="utf-8"?>
<object id="{6C9F52FB-559E-4ECF-968A-1746947824BC}" createTime="2021-04-15T05:35:05Z" modifyTime="2021-07-13T20:55:52Z" status="S_Doc_Archived" createUser="USER1" objectDef="O_Doc" modifyUser="SYSADMIN">
  <attributes>
    <attribute name="A_Package_Number" datatype="string" value="5 9 3 10" />
    <attribute name="A_Revision_Number" datatype="string" value="0" />
    <attribute name="A_Inventory_Number" datatype="string" value="040929" />
    <attribute name="A_Name" datatype="string" value="50UMA. Расстановка кабельных металлоконструкций; Ведомость пакета" />
    <attribute name="A_Name_Eng" datatype="string" value="50UMA. Cable metal structures. Packing list" />
    <attribute name="A_Designation" datatype="string" value="R23.KK56.50UMA.0.ET.WP.WD003" />
    <attribute name="A_Dep" datatype="classifier" value="02_AP" />
    <attribute name="A_User" datatype="user" value="USER1" />
    <attribute name="A_Doc_Language" datatype="classifier" value="N_Doc_Language_Rus" />
  </attributes>
  <files>
    <file id="R23 KK56 50UMA 0 ET WP WD003=r0.docx" name="R23 KK56 50UMA 0 ET WP WD003=r0.docx" bodyId="dd13bb20-0587-4739-96b7-ad4200e38de9" modifiedTime="2021-06-02T10:51:15Z" createdTime="2021-06-02T10:39:58Z" fileDef="FILE_WORD" hash="RAHOved7BXi1ZoBsKav+Sw==" size="141827" path="" />
  </files>
</object>