﻿<?xml version="1.0" encoding="utf-8"?>
<object id="{13E9C8EB-803A-4BA3-A680-7166E19E4E2C}" createTime="2021-04-15T08:49:56Z" modifyTime="2021-07-15T07:08:49Z" status="S_AccommDoc_Create" createUser="USER1" objectDef="O_ACOMM_DOC" modifyUser="USER1">
  <attributes>
    <attribute name="A_Creation_Date" datatype="date" value="2021-04-14T21:00:00Z" />
    <attribute name="A_Name" datatype="string" value="Пояснительная записка_5 9 3 10" />
    <attribute name="A_Designation" datatype="string" value="Пояснительная записка_5 9 3 10" />
    <attribute name="A_Docs_Tbl" datatype="table">
      <rows>
        <row order="1073741824">
          <attribute name="A_Type_Link" datatype="classifier" value="N_Type_Link_ExplanNote" />
          <attribute name="A_Doc_Addition_Ref" datatype="object" value="{B3A356AD-6615-4842-9787-7369103404C0}" />
          <attribute name="A_Note" datatype="string" value="" isNull="true" />
        </row>
      </rows>
    </attribute>
    <attribute name="A_Doc_Language" datatype="classifier" value="N_Doc_Language_Rus" />
  </attributes>
  <files>
    <file id="RU_5_9_3_10.pdf" name="RU_5_9_3_10.pdf" primary="true" bodyId="6404b586-2a07-42ea-8491-ad6600a72a0b" modifiedTime="2021-07-15T05:39:41Z" createdTime="2021-07-15T05:39:06Z" fileDef="FILE_AA_PDF" hash="rKJq5GTpEhRLskM114By6A==" size="140088" path="" />
  </files>
</object>